{
	"credit": "Made with Blockbench",
	"texture_size": [32, 32],
	"textures": {
		"0": "item/marod",
		"1": "item/back",
		"2": "item/border",
		"particle": "item/marod"
	},
	"elements": [
		{
			"from": [0, 0.5, 0],
			"to": [16, 0.75, 16],
			"rotation": {"angle": 0, "axis": "y", "origin": [0, 0.75, 0]},
			"faces": {
				"north": {"uv": [0, 0, 7.0625, 1.1875], "texture": "#1"},
				"east": {"uv": [0, 0, 7.0625, 1.1875], "texture": "#1"},
				"south": {"uv": [0, 0, 7.0625, 1.1875], "texture": "#1"},
				"west": {"uv": [0, 0, 7.0625, 1.1875], "texture": "#1"},
				"up": {"uv": [0, 0, 16, 16], "rotation": 180, "texture": "#0"},
				"down": {"uv": [0, 0, 16, 16], "texture": "#1"}
			}
		},
		{
			"from": [0, 0, -1],
			"to": [17, 1, 0],
			"rotation": {"angle": 0, "axis": "y", "origin": [0, 0, -1]},
			"faces": {
				"north": {"uv": [0, 0, 8.5, 0.5], "texture": "#2"},
				"east": {"uv": [0, 2, 0.5, 2.5], "texture": "#2"},
				"south": {"uv": [0, 0.5, 8.5, 1], "texture": "#2"},
				"west": {"uv": [0.5, 2, 1, 2.5], "texture": "#2"},
				"up": {"uv": [8.5, 1.5, 0, 1], "texture": "#2"},
				"down": {"uv": [8.5, 1.5, 0, 2], "texture": "#2"}
			}
		},
		{
			"from": [16, 0, 0],
			"to": [17, 1, 17],
			"rotation": {"angle": 0, "axis": "y", "origin": [16, 0, 17]},
			"faces": {
				"north": {"uv": [0, 2, 0.5, 2.5], "texture": "#2"},
				"east": {"uv": [0, 0.5, 8.5, 1], "texture": "#2"},
				"south": {"uv": [0.5, 2, 1, 2.5], "texture": "#2"},
				"west": {"uv": [0, 0, 8.5, 0.5], "texture": "#2"},
				"up": {"uv": [8.5, 1.5, 0, 1], "rotation": 270, "texture": "#2"},
				"down": {"uv": [8.5, 1.5, 0, 2], "rotation": 90, "texture": "#2"}
			}
		},
		{
			"from": [-1, 0, 16],
			"to": [16, 1, 17],
			"rotation": {"angle": 0, "axis": "y", "origin": [16, 0, 17]},
			"faces": {
				"north": {"uv": [0, 0.5, 8.5, 1], "texture": "#2"},
				"east": {"uv": [0.5, 2, 1, 2.5], "texture": "#2"},
				"south": {"uv": [0, 0, 8.5, 0.5], "texture": "#2"},
				"west": {"uv": [0, 2, 0.5, 2.5], "texture": "#2"},
				"up": {"uv": [8.5, 1.5, 0, 1], "rotation": 180, "texture": "#2"},
				"down": {"uv": [8.5, 1.5, 0, 2], "rotation": 180, "texture": "#2"}
			}
		},
		{
			"from": [-1, 0, -1],
			"to": [0, 1, 16],
			"rotation": {"angle": 0, "axis": "y", "origin": [0, 0, -1]},
			"faces": {
				"north": {"uv": [0.5, 2, 1, 2.5], "texture": "#2"},
				"east": {"uv": [0, 0, 8.5, 0.5], "texture": "#2"},
				"south": {"uv": [0, 2, 0.5, 2.5], "texture": "#2"},
				"west": {"uv": [0, 0.5, 8.5, 1], "texture": "#2"},
				"up": {"uv": [8.5, 1.5, 0, 1], "rotation": 90, "texture": "#2"},
				"down": {"uv": [8.5, 1.5, 0, 2], "rotation": 270, "texture": "#2"}
			}
		}
	],
	"gui_light": "front",
	"display": {
		"thirdperson_righthand": {
			"rotation": [90, 180, 0],
			"translation": [0, -2, 1.25],
			"scale": [0.19, 0.19, 0.19]
		},
		"thirdperson_lefthand": {
			"rotation": [-27, 0, 0],
			"translation": [-3.75, 5.25, 1.25],
			"scale": [0.51, 0.51, 0.51]
		},
		"firstperson_righthand": {
			"rotation": [90, 180, 0],
			"translation": [-9.75, 11.5, -1.5],
			"scale": [2.88, 2.88, 2.88]
		},
		"firstperson_lefthand": {
			"rotation": [-90, 0, 0],
			"translation": [-1, 3.5, 0],
			"scale": [0.31, 0.31, 0.31]
		},
		"ground": {
			"rotation": [-180, 0, 0],
			"translation": [0, -5.25, 0],
			"scale": [0.5, 0.5, 0.5]
		},
		"gui": {
			"rotation": [90, -180, 0],
			"scale": [1.2, 1.2, 1.2]
		},
		"head": {
			"rotation": [-90, 0, 0],
			"translation": [0, 8.75, -10],
			"scale": [0.4, 0.4, 0.4]
		},
		"fixed": {
			"rotation": [-90, 0, 0],
			"translation": [0, 0, -19],
			"scale": [2.57, 2.57, 2.57]
		}
	},
	"groups": [
		0,
		{
			"name": "group",
			"origin": [16, 0, 17],
			"color": 0,
			"children": [1, 2, 3, 4]
		}
	]
}