{
	"credit": "Made with Blockbench",
	"texture_size": [64, 64],
	"textures": {
		"0": "item/master_map",
		"1": "item/bordr_map",
		"particle": "item/master_map"
	},
	"elements": [
		{
			"name": "map",
			"from": [-15.9, 0.5, -8],
			"to": [31.9, 1, 24],
			"rotation": {"angle": 0, "axis": "y", "origin": [0, -1, 8]},
			"faces": {
				"north": {"uv": [0, 0, 16, 0.5], "texture": "#0"},
				"east": {"uv": [0, 0, 16, 0.5], "texture": "#0"},
				"south": {"uv": [0, 0, 16, 0.5], "texture": "#0"},
				"west": {"uv": [0, 0, 16, 0.5], "texture": "#0"},
				"up": {"uv": [0, 0, 16, 16], "texture": "#0"},
				"down": {"uv": [12, 11.6875, 14.875, 14.23958], "texture": "#0"}
			}
		},
		{
			"from": [-16, 0, -9],
			"to": [-15, 2, 25],
			"rotation": {"angle": 0, "axis": "y", "origin": [-16, 0, 23]},
			"faces": {
				"north": {"uv": [1, 5, 1.25, 5.5], "texture": "#1"},
				"east": {"uv": [0, 2, 8.5, 2.5], "texture": "#1"},
				"south": {"uv": [1.25, 5, 1.5, 5.5], "texture": "#1"},
				"west": {"uv": [0, 2.5, 8.5, 3], "texture": "#1"},
				"up": {"uv": [0.25, 13.5, 0, 5], "texture": "#1"},
				"down": {"uv": [0.5, 5, 0.25, 13.5], "texture": "#1"}
			}
		},
		{
			"from": [31, 0, -9],
			"to": [32, 2, 25],
			"rotation": {"angle": 0, "axis": "y", "origin": [31, 0, 23]},
			"faces": {
				"north": {"uv": [1.5, 5, 1.75, 5.5], "texture": "#1"},
				"east": {"uv": [0, 3, 8.5, 3.5], "texture": "#1"},
				"south": {"uv": [1.75, 5, 2, 5.5], "texture": "#1"},
				"west": {"uv": [0, 3.5, 8.5, 4], "texture": "#1"},
				"up": {"uv": [0.75, 13.5, 0.5, 5], "texture": "#1"},
				"down": {"uv": [1, 5, 0.75, 13.5], "texture": "#1"}
			}
		},
		{
			"from": [-15, 0, -9],
			"to": [31, 2, -8],
			"rotation": {"angle": 0, "axis": "y", "origin": [8, 0, 15]},
			"faces": {
				"north": {"uv": [0, 0, 11.5, 0.5], "texture": "#1"},
				"east": {"uv": [2, 5, 2.25, 5.5], "texture": "#1"},
				"south": {"uv": [0, 0.5, 11.5, 1], "texture": "#1"},
				"west": {"uv": [2.25, 5, 2.5, 5.5], "texture": "#1"},
				"up": {"uv": [11.5, 4.25, 0, 4], "texture": "#1"},
				"down": {"uv": [11.5, 4.25, 0, 4.5], "texture": "#1"}
			}
		},
		{
			"from": [-15, 0, 24],
			"to": [31, 2, 25],
			"rotation": {"angle": 0, "axis": "y", "origin": [8, 0, 1]},
			"faces": {
				"north": {"uv": [0, 1, 11.5, 1.5], "texture": "#1"},
				"east": {"uv": [2.5, 5, 2.75, 5.5], "texture": "#1"},
				"south": {"uv": [0, 1.5, 11.5, 2], "texture": "#1"},
				"west": {"uv": [2.75, 5, 3, 5.5], "texture": "#1"},
				"up": {"uv": [11.5, 4.75, 0, 4.5], "texture": "#1"},
				"down": {"uv": [11.5, 4.75, 0, 5], "texture": "#1"}
			}
		}
	],
	"display": {
		"thirdperson_righthand": {
			"rotation": [98, 0, 0],
			"translation": [-3.5, 0.75, 1.25],
			"scale": [0.19, 0.19, 0.19]
		},
		"thirdperson_lefthand": {
			"rotation": [98, 0, 0],
			"translation": [-3.5, 0.75, 1.25],
			"scale": [0.19, 0.19, 0.19]
		},
		"firstperson_righthand": {
			"rotation": [90, 0, 11],
			"translation": [38.75, -21.5, -35.5],
			"scale": [0.82, 0.82, 0.82]
		},
		"firstperson_lefthand": {
			"rotation": [90, 0, 0],
			"translation": [-9, 10.5, -35.5],
			"scale": [2.97, 2.97, 2.97]
		},
		"ground": {
			"translation": [0, 3.75, 0]
		},
		"gui": {
			"rotation": [90, 0, 0],
			"scale": [0.36, 0.36, 0.36]
		},
		"head": {
			"rotation": [98, 0, 180],
			"translation": [0, 10, -2.75],
			"scale": [0.19, 0.19, 0.19]
		},
		"fixed": {
			"rotation": [90, 0, 180],
			"translation": [0, 0, -21.75],
			"scale": [3, 3, 3]
		}
	},
	"groups": [
		0,
		{
			"name": "bordr",
			"origin": [-16, 0, 23],
			"color": 0,
			"children": [1, 2, 3, 4]
		}
	]
}