{
	"credit": "Made with Blockbench",
	"textures": {
		"0": "item/viselica",
		"particle": "item/viselica"
	},
	"elements": [
		{
			"from": [-4, 0, 6.5],
			"to": [-1, 32, 9.5],
			"rotation": {"angle": 0, "axis": "y", "origin": [-4, 0, 6.5]},
			"faces": {
				"north": {"uv": [9, 0, 10.75, 12.75], "texture": "#0"},
				"east": {"uv": [10.75, 0, 12.5, 12.75], "texture": "#0"},
				"south": {"uv": [12.5, 0, 14.25, 12.75], "texture": "#0"},
				"west": {"uv": [14.25, 0, 16, 12.75], "texture": "#0"},
				"up": {"uv": [9, 13.25, 12, 16], "texture": "#0"},
				"down": {"uv": [9, 13.25, 12, 16], "texture": "#0"}
			}
		},
		{
			"from": [-7, 28, 6.75],
			"to": [16, 30, 9.25],
			"rotation": {"angle": 0, "axis": "y", "origin": [-6, 28, 7.25]},
			"faces": {
				"north": {"uv": [13.5, 0, 14.5, 12.75], "rotation": 90, "texture": "#0"},
				"east": {"uv": [9, 13.25, 12, 16], "texture": "#0"},
				"south": {"uv": [9.625, 0, 10.625, 12.75], "rotation": 90, "texture": "#0"},
				"west": {"uv": [9, 13.25, 12, 16], "texture": "#0"},
				"up": {"uv": [10.625, 0, 12.125, 12.75], "rotation": 90, "texture": "#0"},
				"down": {"uv": [12.0625, 0, 13.5625, 12.75], "rotation": 90, "texture": "#0"}
			}
		},
		{
			"from": [-4, 24, 7],
			"to": [7, 26, 9],
			"rotation": {"angle": 45, "axis": "z", "origin": [1, 25, 8]},
			"faces": {
				"north": {"uv": [12.75, 0.5, 14.75, 11.5], "rotation": 90, "texture": "#0"},
				"east": {"uv": [9.5, 13.75, 11.5, 15.75], "texture": "#0"},
				"south": {"uv": [10.75, 0, 12.75, 11], "rotation": 90, "texture": "#0"},
				"west": {"uv": [9.5, 13.75, 11.5, 15.75], "texture": "#0"},
				"up": {"uv": [8.75, 1, 10.75, 12], "rotation": 90, "texture": "#0"},
				"down": {"uv": [6.75, 0, 8.75, 11], "rotation": 90, "texture": "#0"}
			}
		},
		{
			"from": [-6, -1, 7],
			"to": [-4, 9.5, 9],
			"rotation": {"angle": -22.5, "axis": "z", "origin": [-5, 3.5, 8]},
			"faces": {
				"north": {"uv": [13.25, 0.75, 15.25, 11.25], "rotation": 180, "texture": "#0"},
				"east": {"uv": [8, 2.25, 10, 12.75], "rotation": 180, "texture": "#0"},
				"south": {"uv": [9.75, 1.4375, 11.75, 11.9375], "rotation": 180, "texture": "#0"},
				"west": {"uv": [11.5, 1.9375, 13.5, 12.4375], "rotation": 180, "texture": "#0"},
				"up": {"uv": [7, 0.25, 9, 2.25], "rotation": 270, "texture": "#0"},
				"down": {"uv": [7, 0.25, 9, 2.25], "rotation": 270, "texture": "#0"}
			}
		},
		{
			"from": [1.25, -2.25, 7],
			"to": [3.25, 8.25, 9],
			"rotation": {"angle": 45, "axis": "z", "origin": [2.25, 2.25, 8]},
			"faces": {
				"north": {"uv": [13.25, 0.75, 15.25, 11.25], "rotation": 180, "texture": "#0"},
				"east": {"uv": [8, 2.25, 10, 12.75], "rotation": 180, "texture": "#0"},
				"south": {"uv": [9.75, 1.4375, 11.75, 11.9375], "rotation": 180, "texture": "#0"},
				"west": {"uv": [11.5, 1.9375, 13.5, 12.4375], "rotation": 180, "texture": "#0"},
				"up": {"uv": [7, 0.25, 9, 2.25], "rotation": 270, "texture": "#0"},
				"down": {"uv": [7, 0.25, 9, 2.25], "rotation": 270, "texture": "#0"}
			}
		},
		{
			"from": [-3.5, -1, 4.5],
			"to": [-1.5, 9.5, 6.5],
			"rotation": {"angle": 22.5, "axis": "x", "origin": [-2.5, 3.5, 5.5]},
			"faces": {
				"north": {"uv": [13.25, 0.75, 15.25, 11.25], "rotation": 180, "texture": "#0"},
				"east": {"uv": [8, 2.25, 10, 12.75], "rotation": 180, "texture": "#0"},
				"south": {"uv": [9.75, 1.4375, 11.75, 11.9375], "rotation": 180, "texture": "#0"},
				"west": {"uv": [11.5, 1.9375, 13.5, 12.4375], "rotation": 180, "texture": "#0"},
				"up": {"uv": [7, 0.25, 9, 2.25], "rotation": 270, "texture": "#0"},
				"down": {"uv": [7, 0.25, 9, 2.25], "rotation": 270, "texture": "#0"}
			}
		},
		{
			"from": [-3.5, -1, 9.5],
			"to": [-1.5, 9.5, 11.5],
			"rotation": {"angle": -22.5, "axis": "x", "origin": [-2.5, 3.5, 10.5]},
			"faces": {
				"north": {"uv": [13.25, 0.75, 15.25, 11.25], "rotation": 180, "texture": "#0"},
				"east": {"uv": [8, 2.25, 10, 12.75], "rotation": 180, "texture": "#0"},
				"south": {"uv": [9.75, 1.4375, 11.75, 11.9375], "rotation": 180, "texture": "#0"},
				"west": {"uv": [11.5, 1.9375, 13.5, 12.4375], "rotation": 180, "texture": "#0"},
				"up": {"uv": [7, 0.25, 9, 2.25], "rotation": 270, "texture": "#0"},
				"down": {"uv": [7, 0.25, 9, 2.25], "rotation": 270, "texture": "#0"}
			}
		},
		{
			"from": [12, 21.25, 7.75],
			"to": [12.5, 28, 8.25],
			"rotation": {"angle": 0, "axis": "y", "origin": [10.5, 26, 7.25]},
			"faces": {
				"north": {"uv": [0, 9.25, 0.5, 16], "texture": "#0"},
				"east": {"uv": [0, 9.25, 0.5, 16], "texture": "#0"},
				"south": {"uv": [0, 9.25, 0.5, 16], "texture": "#0"},
				"west": {"uv": [0, 9.25, 0.5, 16], "texture": "#0"},
				"up": {"uv": [0, 9.25, 0.5, 9.75], "texture": "#0"},
				"down": {"uv": [0, 9.25, 0.5, 9.75], "texture": "#0"}
			}
		},
		{
			"from": [11.5, 19, 7.25],
			"to": [13, 22, 8.75],
			"rotation": {"angle": -45, "axis": "y", "origin": [12.25, 22, 8]},
			"faces": {
				"north": {"uv": [1.5, 13, 3, 16], "texture": "#0"},
				"east": {"uv": [1.5, 13, 3, 16], "texture": "#0"},
				"south": {"uv": [1.5, 13, 3, 16], "texture": "#0"},
				"west": {"uv": [1.5, 13, 3, 16], "texture": "#0"},
				"up": {"uv": [3, 14.5, 4.5, 16], "texture": "#0"},
				"down": {"uv": [3, 14.5, 4.5, 16], "texture": "#0"}
			}
		},
		{
			"from": [9.75, 12.5, 7.75],
			"to": [14.75, 19.25, 8.25],
			"rotation": {"angle": 0, "axis": "z", "origin": [13.75, 19, 8.25]},
			"faces": {
				"north": {"uv": [0, 0, 5, 6.75], "texture": "#0"},
				"east": {"uv": [5, 0, 5.5, 6.75], "texture": "#0"},
				"south": {"uv": [0, 0, 5, 6.75], "texture": "#0"},
				"west": {"uv": [5.25, 0, 5.75, 6.75], "texture": "#0"},
				"up": {"uv": [6, 5, 5.5, 0], "rotation": 90, "texture": "#0"},
				"down": {"uv": [5.5, 5, 6, 0], "rotation": 90, "texture": "#0"}
			}
		},
		{
			"from": [10, 27.65, 6.5],
			"to": [14, 30.4, 9.5],
			"rotation": {"angle": 0, "axis": "y", "origin": [11, 28.4, 7]},
			"faces": {
				"north": {"uv": [12, 13.25, 16, 16], "texture": "#0"},
				"east": {"uv": [9, 13.25, 12, 16], "texture": "#0"},
				"south": {"uv": [12, 13.25, 16, 16], "texture": "#0"},
				"west": {"uv": [9, 13.25, 12, 16], "texture": "#0"},
				"up": {"uv": [12, 13, 16, 16], "texture": "#0"},
				"down": {"uv": [12, 13, 16, 16], "texture": "#0"}
			}
		}
	],
	"display": {
		"thirdperson_righthand": {
			"translation": [5.25, 0, 0],
			"scale": [0.49, 0.49, 0.49]
		},
		"thirdperson_lefthand": {
			"translation": [-5.25, 0, 0],
			"scale": [0.49, 0.49, 0.49]
		},
		"firstperson_righthand": {
			"rotation": [0, 180, 0],
			"translation": [-2.5, 0, 0],
			"scale": [0.49, 0.49, 0.49]
		},
		"firstperson_lefthand": {
			"translation": [-2.5, 0, 0],
			"scale": [0.49, 0.49, 0.49]
		},
		"ground": {
			"translation": [0, 2.25, 0],
			"scale": [0.76, 0.76, 0.76]
		},
		"gui": {
			"translation": [1, -3.5, 0],
			"scale": [0.49, 0.49, 0.49]
		},
		"head": {
			"translation": [-12.75, -23.5, -3],
			"scale": [3.01, 3.01, 3.01]
		},
		"fixed": {
			"rotation": [-90, 0, 0],
			"translation": [42, 0, -30],
			"scale": [4, 4, 4]
		}
	}
}