{
	"credit": "Made with Blockbench",
	"texture_size": [192, 128],
	"textures": {
		"0": "item/way5",
		"1": "item/card_way_back",
		"particle": "item/way5"
	},
	"elements": [
		{
			"name": "down",
			"from": [0.5, 0, 3],
			"to": [15.5, 0.1, 13],
			"rotation": {"angle": 0, "axis": "y", "origin": [12.5, 0, -1]},
			"faces": {
				"north": {"uv": [0, 0, 1.33333, 0.08333], "texture": "#0"},
				"east": {"uv": [0, 0, 1.16667, 0.08333], "texture": "#0"},
				"south": {"uv": [0, 0, 1.33333, 0.08333], "texture": "#0"},
				"west": {"uv": [0, 0, 1.16667, 0.08333], "texture": "#0"},
				"up": {"uv": [0, 0, 16, 16], "texture": "#0"},
				"down": {"uv": [0, 16, 16, 0], "texture": "#1"}
			}
		}
	],
	"gui_light": "front",
	"display": {
		"thirdperson_righthand": {
			"rotation": [90, 90, 0],
			"translation": [-0.75, -1.75, 1.55],
			"scale": [0.2, 0.2, 0.2]
		},
		"thirdperson_lefthand": {
			"rotation": [90, -90, 0],
			"translation": [-0.75, -1.75, 1.55],
			"scale": [0.2, 0.2, 0.2]
		},
		"firstperson_righthand": {
			"rotation": [90, 90, 0],
			"translation": [14, 8, 4.25],
			"scale": [2.7, 2.7, 2.7]
		},
		"firstperson_lefthand": {
			"rotation": [90, -90, 0],
			"translation": [14, 8, 4.25],
			"scale": [2.7, 2.7, 2.7]
		},
		"ground": {
			"rotation": [0, 0, 180],
			"translation": [0, -11.5, 0]
		},
		"gui": {
			"rotation": [90, 82, 0],
			"scale": [1.2, 1.2, 1.2]
		},
		"head": {
			"rotation": [-90, -90, 0],
			"translation": [0, 10.5, -7.25],
			"scale": [0.7, 0.7, 0.7]
		},
		"fixed": {
			"rotation": [-90, -90, 0],
			"translation": [0, 0, -20.75],
			"scale": [2.5, 2.5, 2.5]
		}
	}
}