{
	"credit": "Made with Blockbench",
	"texture_size": [192, 128],
	"textures": {
		"0": "item/card_white",
		"1": "item/card_v_back",
		"particle": "item/card_white"
	},
	"elements": [
		{
			"name": "down",
			"from": [0.5, 0, 3],
			"to": [15.5, 0.1, 13],
			"rotation": {"angle": 0, "axis": "y", "origin": [12.5, 0, -1]},
			"faces": {
				"north": {"uv": [0, 0, 1.33333, 0.08333], "texture": "#0"},
				"east": {"uv": [0, 0, 1.16667, 0.08333], "texture": "#0"},
				"south": {"uv": [0, 0, 1.33333, 0.08333], "texture": "#0"},
				"west": {"uv": [0, 0, 1.16667, 0.08333], "texture": "#0"},
				"up": {"uv": [0, 0, 16, 16], "texture": "#0"},
				"down": {"uv": [0, 16, 16, 0], "texture": "#1"}
			}
		}
	],
	"gui_light": "front",
	"display": {
		"thirdperson_righthand": {
			"rotation": [109, 0, 0],
			"translation": [-2.25, 0, 3],
			"scale": [0.3, 0.3, 0.3]
		},
		"thirdperson_lefthand": {
			"rotation": [109, 0, 0],
			"translation": [-2.25, 0, 3],
			"scale": [0.3, 0.3, 0.3]
		},
		"firstperson_righthand": {
			"rotation": [90, 0, 0],
			"translation": [7.75, -0.25, 0]
		},
		"firstperson_lefthand": {
			"rotation": [90, 0, 0],
			"translation": [7.75, -0.25, 0]
		},
		"ground": {
			"rotation": [0, 0, 180],
			"translation": [0, -11.5, 0]
		},
		"gui": {
			"rotation": [90, -65.25, 0]
		},
		"head": {
			"rotation": [90, 0, 180],
			"translation": [0, 10.5, -7.25],
			"scale": [0.7, 0.7, 0.7]
		},
		"fixed": {
			"rotation": [-90, 180, 0],
			"translation": [0, 0, -13.75],
			"scale": [1.7, 1.7, 1.7]
		}
	}
}