{
	"credit": "Made with Blockbench",
	"texture_size": [32, 32],
	"textures": {
		"0": "item/white_t",
		"particle": "item/white_t"
	},
	"elements": [
		{
			"name": "Wagon",
			"from": [6, 0.75, 1.5],
			"to": [10, 5.75, 14.5],
			"rotation": {"angle": 0, "axis": "y", "origin": [7, 1, 3]},
			"faces": {
				"north": {"uv": [0, 9, 4, 14], "texture": "#0"},
				"east": {"uv": [0, 0, 13, 5], "texture": "#0"},
				"south": {"uv": [0, 9, 4, 14], "texture": "#0"},
				"west": {"uv": [0, 0, 13, 5], "texture": "#0"},
				"up": {"uv": [13, 9, 0, 5], "rotation": 90, "texture": "#0"},
				"down": {"uv": [0, 9, 13, 5], "rotation": 90, "texture": "#0"}
			}
		},
		{
			"from": [6, 0.75, 1],
			"to": [10, 1.25, 1.5],
			"rotation": {"angle": 0, "axis": "y", "origin": [8, 0, 1]},
			"faces": {
				"north": {"uv": [0, 14, 4, 14.25], "texture": "#0"},
				"east": {"uv": [0, 14, 0.25, 14.25], "texture": "#0"},
				"south": {"uv": [0, 14.5, 4, 14.25], "texture": "#0"},
				"west": {"uv": [0, 14, 0.25, 14.25], "texture": "#0"},
				"up": {"uv": [0, 16, 4, 15.25], "texture": "#0"},
				"down": {"uv": [0, 5.25, 0.75, 8.75], "rotation": 90, "texture": "#0"}
			}
		},
		{
			"from": [6, 0.75, 14.5],
			"to": [10, 1.25, 15],
			"rotation": {"angle": 0, "axis": "y", "origin": [8, 0, 15]},
			"faces": {
				"north": {"uv": [0, 14.5, 4, 14.25], "texture": "#0"},
				"east": {"uv": [0, 14, 0.25, 14.25], "texture": "#0"},
				"south": {"uv": [0, 14, 4, 14.25], "texture": "#0"},
				"west": {"uv": [0, 14, 0.25, 14.25], "texture": "#0"},
				"up": {"uv": [0, 16, 4, 15.25], "rotation": 180, "texture": "#0"},
				"down": {"uv": [0, 5.25, 0.75, 8.75], "rotation": 270, "texture": "#0"}
			}
		},
		{
			"from": [7, 5.75, 2.5],
			"to": [9, 6.25, 13.5],
			"rotation": {"angle": 0, "axis": "y", "origin": [7, 10, 3]},
			"faces": {
				"north": {"uv": [1, 6, 1.25, 8], "rotation": 90, "texture": "#0"},
				"east": {"uv": [1, 6, 12, 5.75], "texture": "#0"},
				"south": {"uv": [1, 8, 1.25, 6], "rotation": 90, "texture": "#0"},
				"west": {"uv": [1, 8, 12, 7.75], "texture": "#0"},
				"up": {"uv": [1, 6, 12, 8], "rotation": 90, "texture": "#0"},
				"down": {"uv": [1, 6, 12, 8], "rotation": 90, "texture": "#0"}
			}
		},
		{
			"name": "Koleso",
			"from": [6.5, 0, 13],
			"to": [7, 1, 14],
			"rotation": {"angle": 0, "axis": "y", "origin": [5, 0, 13]},
			"faces": {
				"north": {"uv": [16, 0, 15.75, 2.5], "texture": "#0"},
				"east": {"uv": [13.5, 0, 16, 2.5], "texture": "#0"},
				"south": {"uv": [13.5, 0, 13.75, 2.5], "texture": "#0"},
				"west": {"uv": [16, 0, 13.5, 2.5], "texture": "#0"},
				"up": {"uv": [13.5, 0, 16, 0.25], "rotation": 90, "texture": "#0"},
				"down": {"uv": [13.5, 0, 16, 0.25], "rotation": 90, "texture": "#0"}
			}
		},
		{
			"name": "Koleso",
			"from": [6.5, 0, 11],
			"to": [7, 1, 12],
			"rotation": {"angle": 0, "axis": "y", "origin": [5, 0, 11]},
			"faces": {
				"north": {"uv": [16, 0, 15.75, 2.5], "texture": "#0"},
				"east": {"uv": [13.5, 0, 16, 2.5], "texture": "#0"},
				"south": {"uv": [13.5, 0, 13.75, 2.5], "texture": "#0"},
				"west": {"uv": [16, 0, 13.5, 2.5], "texture": "#0"},
				"up": {"uv": [13.5, 0, 16, 0.25], "rotation": 90, "texture": "#0"},
				"down": {"uv": [13.5, 0, 16, 0.25], "rotation": 90, "texture": "#0"}
			}
		},
		{
			"name": "Koleso",
			"from": [6.5, 0, 4],
			"to": [7, 1, 5],
			"rotation": {"angle": 0, "axis": "y", "origin": [5, 0, 4]},
			"faces": {
				"north": {"uv": [16, 0, 15.75, 2.5], "texture": "#0"},
				"east": {"uv": [13.5, 0, 16, 2.5], "texture": "#0"},
				"south": {"uv": [13.5, 0, 13.75, 2.5], "texture": "#0"},
				"west": {"uv": [16, 0, 13.5, 2.5], "texture": "#0"},
				"up": {"uv": [13.5, 0, 16, 0.25], "rotation": 90, "texture": "#0"},
				"down": {"uv": [13.5, 0, 16, 0.25], "rotation": 90, "texture": "#0"}
			}
		},
		{
			"name": "Koleso",
			"from": [6.5, 0, 2],
			"to": [7, 1, 3],
			"rotation": {"angle": 0, "axis": "y", "origin": [5, 0, 2]},
			"faces": {
				"north": {"uv": [16, 0, 15.75, 2.5], "texture": "#0"},
				"east": {"uv": [13.5, 0, 16, 2.5], "texture": "#0"},
				"south": {"uv": [13.5, 0, 13.75, 2.5], "texture": "#0"},
				"west": {"uv": [16, 0, 13.5, 2.5], "texture": "#0"},
				"up": {"uv": [13.5, 0, 16, 0.25], "rotation": 90, "texture": "#0"},
				"down": {"uv": [13.5, 0, 16, 0.25], "rotation": 90, "texture": "#0"}
			}
		},
		{
			"name": "Koleso",
			"from": [9, 0, 13],
			"to": [9.5, 1, 14],
			"rotation": {"angle": 0, "axis": "y", "origin": [7, 0, 13]},
			"faces": {
				"north": {"uv": [16, 0, 15.75, 2.5], "texture": "#0"},
				"east": {"uv": [13.5, 0, 16, 2.5], "texture": "#0"},
				"south": {"uv": [13.5, 0, 13.75, 2.5], "texture": "#0"},
				"west": {"uv": [16, 0, 13.5, 2.5], "texture": "#0"},
				"up": {"uv": [13.5, 0, 16, 0.25], "rotation": 90, "texture": "#0"},
				"down": {"uv": [13.5, 0, 16, 0.25], "rotation": 90, "texture": "#0"}
			}
		},
		{
			"name": "Koleso",
			"from": [9, 0, 11],
			"to": [9.5, 1, 12],
			"rotation": {"angle": 0, "axis": "y", "origin": [7, 0, 11]},
			"faces": {
				"north": {"uv": [16, 0, 15.75, 2.5], "texture": "#0"},
				"east": {"uv": [13.5, 0, 16, 2.5], "texture": "#0"},
				"south": {"uv": [13.5, 0, 13.75, 2.5], "texture": "#0"},
				"west": {"uv": [16, 0, 13.5, 2.5], "texture": "#0"},
				"up": {"uv": [13.5, 0, 16, 0.25], "rotation": 90, "texture": "#0"},
				"down": {"uv": [13.5, 0, 16, 0.25], "rotation": 90, "texture": "#0"}
			}
		},
		{
			"name": "Koleso",
			"from": [9, 0, 4],
			"to": [9.5, 1, 5],
			"rotation": {"angle": 0, "axis": "y", "origin": [7, 0, 4]},
			"faces": {
				"north": {"uv": [16, 0, 15.75, 2.5], "texture": "#0"},
				"east": {"uv": [13.5, 0, 16, 2.5], "texture": "#0"},
				"south": {"uv": [13.5, 0, 13.75, 2.5], "texture": "#0"},
				"west": {"uv": [16, 0, 13.5, 2.5], "texture": "#0"},
				"up": {"uv": [13.5, 0, 16, 0.25], "rotation": 90, "texture": "#0"},
				"down": {"uv": [13.5, 0, 16, 0.25], "rotation": 90, "texture": "#0"}
			}
		},
		{
			"name": "Koleso",
			"from": [9, 0, 2],
			"to": [9.5, 1, 3],
			"rotation": {"angle": 0, "axis": "y", "origin": [7, 0, 2]},
			"faces": {
				"north": {"uv": [16, 0, 15.75, 2.5], "texture": "#0"},
				"east": {"uv": [13.5, 0, 16, 2.5], "texture": "#0"},
				"south": {"uv": [13.5, 0, 13.75, 2.5], "texture": "#0"},
				"west": {"uv": [16, 0, 13.5, 2.5], "texture": "#0"},
				"up": {"uv": [13.5, 0, 16, 0.25], "rotation": 90, "texture": "#0"},
				"down": {"uv": [13.5, 0, 16, 0.25], "rotation": 90, "texture": "#0"}
			}
		}
	],
	"gui_light": "front",
	"display": {
		"thirdperson_righthand": {
			"rotation": [74.35, 18.38, -2.19],
			"translation": [0, 0, 1.75],
			"scale": [0.5, 0.5, 0.5]
		},
		"thirdperson_lefthand": {
			"rotation": [74.35, 18.38, -2.19],
			"translation": [0, 0, 1.75],
			"scale": [0.5, 0.5, 0.5]
		},
		"firstperson_righthand": {
			"rotation": [-1.05, 48.25, 0.43],
			"translation": [0.5, 4.75, 0],
			"scale": [0.5, 0.5, 0.5]
		},
		"firstperson_lefthand": {
			"rotation": [-1.05, 48.25, 0.43],
			"translation": [0.5, 4.75, 0],
			"scale": [0.5, 0.5, 0.5]
		},
		"ground": {
			"rotation": [0, -90, 0],
			"translation": [0, 4.5, 0],
			"scale": [0.8, 0.8, 0.8]
		},
		"gui": {
			"rotation": [0, -90, 0],
			"translation": [0, 4.75, 0]
		},
		"head": {
			"translation": [0, 10.5, 0],
			"scale": [0.5, 0.5, 0.5]
		},
		"fixed": {
			"rotation": [-90, 0, 0],
			"translation": [0, 0, -17.75],
			"scale": [2.2, 2.2, 2.2]
		}
	},
	"groups": [
		{
			"name": "group",
			"origin": [7, 1, 3],
			"color": 0,
			"children": [0, 1, 2, 3]
		},
		{
			"name": "group",
			"origin": [5, 0, 2],
			"color": 0,
			"children": [
				{
					"name": "group",
					"origin": [5, 0, 2],
					"color": 0,
					"children": [4, 5]
				},
				{
					"name": "group",
					"origin": [5, 0, 2],
					"color": 0,
					"children": [6, 7]
				}
			]
		},
		{
			"name": "group",
			"origin": [5, 0, 2],
			"color": 0,
			"children": [
				{
					"name": "group",
					"origin": [5, 0, 2],
					"color": 0,
					"children": [8, 9]
				},
				{
					"name": "group",
					"origin": [5, 0, 2],
					"color": 0,
					"children": [10, 11]
				}
			]
		}
	]
}