{
	"credit": "Made with Blockbench",
	"texture_size": [32, 32],
	"textures": {
		"0": "item/num22",
		"particle": "item/num22"
	},
	"elements": [
		{
			"from": [0, 0, 0],
			"to": [16, 0.5, 16],
			"faces": {
				"north": {"uv": [0, 0.25, 8, 0], "texture": "#0"},
				"east": {"uv": [0, 0, 8, 0.25], "texture": "#0"},
				"south": {"uv": [0, 0, 8, 0.25], "texture": "#0"},
				"west": {"uv": [0, 0.25, 8, 0], "texture": "#0"},
				"up": {"uv": [16, 16, 0, 0], "texture": "#0"},
				"down": {"uv": [0, 0, 16, 16], "texture": "#0"}
			}
		}
	],
	"display": {
		"thirdperson_righthand": {
			"rotation": [90, -180, 0],
			"translation": [0, 2.25, 3.25],
			"scale": [0.46, 0.46, 0.46]
		},
		"thirdperson_lefthand": {
			"rotation": [90, -180, 0],
			"translation": [0, 2.25, 3.25],
			"scale": [0.46, 0.46, 0.46]
		},
		"firstperson_righthand": {
			"rotation": [90, -180, 0],
			"translation": [4.75, 2.25, 0],
			"scale": [0.46, 0.46, 0.46]
		},
		"firstperson_lefthand": {
			"rotation": [90, -180, 0],
			"translation": [4.75, 2.25, 0],
			"scale": [0.46, 0.46, 0.46]
		},
		"ground": {
			"translation": [0, 4.5, 0],
			"scale": [0.53, 0.53, 0.53]
		},
		"gui": {
			"rotation": [90, -180, 0],
			"scale": [0.88, 0.88, 0.88]
		},
		"head": {
			"rotation": [-90, 0, 0],
			"translation": [0, 13.75, -5.75],
			"scale": [0.73, 0.73, 0.73]
		},
		"fixed": {
			"rotation": [-90, 0, 0],
			"translation": [0, 0, -13.25],
			"scale": [1.63, 1.63, 1.63]
		}
	}
}