{
	"model": {
		"type": "select",
		"property": "custom_model_data",
		"fallback": {
			"type": "model",
			"model": "item/paper"
		},
		"cases": [
			{"when": "train_m","model": {"type": "model","model": "trains/train_m"}},
			{"when": "train_p","model": {"type": "model","model": "trains/train_p"}},
			{"when": "train_w","model": {"type": "model","model": "trains/train_w"}},
			{"when": "card_black","model": {"type": "model","model": "trains/card_train_black"}},
			{"when": "card_blue","model": {"type": "model","model": "trains/card_train_blue"}},
			{"when": "card_green","model": {"type": "model","model": "trains/card_train_green"}},
			{"when": "card_yellow","model": {"type": "model","model": "trains/card_train_yellow"}},
			{"when": "card_orange","model": {"type": "model","model": "trains/card_train_orange"}},
			{"when": "card_red","model": {"type": "model","model": "trains/card_train_red"}},
			{"when": "card_white","model": {"type": "model","model": "trains/card_train_white"}},
			{"when": "card_rainbow","model": {"type": "model","model": "trains/card_train_rainbow"}},
			{"when": "train_rules1","model": {"type": "model","model": "trains/train_rules1"}},
			{"when": "train_rules2","model": {"type": "model","model": "trains/train_rules2"}},
			{"when": "info","model": {"type": "model","model": "trains/card_info"}},
			{"when": "way1","model": {"type": "model","model": "trains/card_way1"}},
			{"when": "way2","model": {"type": "model","model": "trains/card_way2"}},
			{"when": "way3","model": {"type": "model","model": "trains/card_way3"}},
			{"when": "way4","model": {"type": "model","model": "trains/card_way4"}},
			{"when": "way5","model": {"type": "model","model": "trains/card_way5"}},
			{"when": "way6","model": {"type": "model","model": "trains/card_way6"}},
			{"when": "way7","model": {"type": "model","model": "trains/card_way7"}},
			{"when": "way8","model": {"type": "model","model": "trains/card_way8"}},
			{"when": "way9","model": {"type": "model","model": "trains/card_way9"}},
			{"when": "way10","model": {"type": "model","model": "trains/card_way10"}},
			{"when": "way11","model": {"type": "model","model": "trains/card_way11"}},
			{"when": "way12","model": {"type": "model","model": "trains/card_way12"}},
			{"when": "way13","model": {"type": "model","model": "trains/card_way13"}},
			{"when": "way14","model": {"type": "model","model": "trains/card_way14"}},
			{"when": "way15","model": {"type": "model","model": "trains/card_way15"}},
			{"when": "way16","model": {"type": "model","model": "trains/card_way16"}},
			{"when": "way17","model": {"type": "model","model": "trains/card_way17"}},
			{"when": "way18","model": {"type": "model","model": "trains/card_way18"}},
			{"when": "way19","model": {"type": "model","model": "trains/card_way19"}},
			{"when": "way20","model": {"type": "model","model": "trains/card_way20"}},
			{"when": "way21","model": {"type": "model","model": "trains/card_way21"}},
			{"when": "way22","model": {"type": "model","model": "trains/card_way22"}},
			{"when": "way23","model": {"type": "model","model": "trains/card_way23"}},
			{"when": "way24","model": {"type": "model","model": "trains/card_way24"}},
			{"when": "way25","model": {"type": "model","model": "trains/card_way25"}},
			{"when": "way26","model": {"type": "model","model": "trains/card_way26"}},
			{"when": "way27","model": {"type": "model","model": "trains/card_way27"}},
			{"when": "way28","model": {"type": "model","model": "trains/card_way28"}},
			{"when": "way29","model": {"type": "model","model": "trains/card_way29"}},
			{"when": "way30","model": {"type": "model","model": "trains/card_way30"}},
			{"when": "way31","model": {"type": "model","model": "trains/card_way31"}}
		]                                                           
	}
}