{
	"model": {
		"type": "select",
		"property": "custom_model_data",
		"fallback": {
			"type": "model",
			"model": "block/carved_pumpkin"
		},
		"cases": [
			{"when": "num_v","model": {"type": "model","model": "numbers/num_v"}},
			{"when": "num1","model": {"type": "model","model": "numbers/num1"}},
			{"when": "num2","model": {"type": "model","model": "numbers/num2"}},
			{"when": "num3","model": {"type": "model","model": "numbers/num3"}},
			{"when": "num4","model": {"type": "model","model": "numbers/num4"}},
			{"when": "num5","model": {"type": "model","model": "numbers/num5"}},
			{"when": "num6","model": {"type": "model","model": "numbers/num6"}},
			{"when": "num7","model": {"type": "model","model": "numbers/num7"}},
			{"when": "num8","model": {"type": "model","model": "numbers/num8"}},
			{"when": "num9","model": {"type": "model","model": "numbers/num9"}},
			{"when": "num10","model": {"type": "model","model": "numbers/num10"}},
			{"when": "num11","model": {"type": "model","model": "numbers/num11"}},
			{"when": "num12","model": {"type": "model","model": "numbers/num12"}},
			{"when": "num13","model": {"type": "model","model": "numbers/num13"}},
			{"when": "num14","model": {"type": "model","model": "numbers/num14"}},
			{"when": "num15","model": {"type": "model","model": "numbers/num15"}},
			{"when": "num16","model": {"type": "model","model": "numbers/num16"}},
			{"when": "num17","model": {"type": "model","model": "numbers/num17"}},
			{"when": "num18","model": {"type": "model","model": "numbers/num18"}},
			{"when": "num19","model": {"type": "model","model": "numbers/num19"}},
			{"when": "num20","model": {"type": "model","model": "numbers/num20"}},
			{"when": "num21","model": {"type": "model","model": "numbers/num21"}},
			{"when": "num22","model": {"type": "model","model": "numbers/num22"}},
			{"when": "num23","model": {"type": "model","model": "numbers/num23"}},
			{"when": "num24","model": {"type": "model","model": "numbers/num24"}},
			{"when": "num25","model": {"type": "model","model": "numbers/num25"}}
		]                                                           
	}
}