{
	"model": {
		"type": "select",
		"property": "custom_model_data",
		"fallback": {
			"type": "model",
			"model": "item/paper"
		},
		"cases": [
			{"when": "adept","model": {"type": "model","model": "shabash/adept"}},
			{"when": "baron","model": {"type": "model","model": "shabash/baron"}},
			{"when": "baronessa","model": {"type": "model","model": "shabash/baronessa"}},
			{"when": "cult","model": {"type": "model","model": "shabash/cult"}},
			{"when": "fanat","model": {"type": "model","model": "shabash/fanat"}},
			{"when": "focus","model": {"type": "model","model": "shabash/focus"}},
			{"when": "gadal","model": {"type": "model","model": "shabash/gadal"}},
			{"when": "grom","model": {"type": "model","model": "shabash/grom"}},
			{"when": "hero","model": {"type": "model","model": "shabash/hero"}},
			{"when": "inkvis","model": {"type": "model","model": "shabash/inkvis"}},
			{"when": "intrig","model": {"type": "model","model": "shabash/intrig"}},
			{"when": "krest","model": {"type": "model","model": "shabash/krest"}},
			{"when": "kukl","model": {"type": "model","model": "shabash/kukl"}},
			{"when": "marod","model": {"type": "model","model": "shabash/marod"}},
			{"when": "mogil","model": {"type": "model","model": "shabash/mogil"}},
			{"when": "necro","model": {"type": "model","model": "shabash/necro"}},
			{"when": "oderz","model": {"type": "model","model": "shabash/oderz"}},
			{"when": "paladin","model": {"type": "model","model": "shabash/paladin"}},
			{"when": "pronira","model": {"type": "model","model": "shabash/pronira"}},
			{"when": "soblaz","model": {"type": "model","model": "shabash/soblaz"}},
			{"when": "v_inkvis","model": {"type": "model","model": "shabash/v_inkvis"}},
			{"when": "voroz","model": {"type": "model","model": "shabash/voroz"}},
			{"when": "witch","model": {"type": "model","model": "shabash/witch"}},
			{"when": "znah","model": {"type": "model","model": "shabash/znah"}},
			{"when": "zomb","model": {"type": "model","model": "shabash/zomb"}},
			
			{"when": "master_map","model": {"type": "model","model": "shabash/master_map"}},
			{"when": "rules1","model": {"type": "model","model": "shabash/rules1"}},
			{"when": "rules2","model": {"type": "model","model": "shabash/rules2"}},
			{"when": "viselica","model": {"type": "model","model": "shabash/viselica"}},
			{"when": "rules_arms","model": {"type": "model","model": "shabash/rules_arms"}}
		]                                                           
	}
}