{
	"credit": "By KeepMeow",
	"textures": {
		"0": "block/p_fig",
		"particle": "block/p_fig"
	},
	"elements": [
		{
			"from": [7, 7, 7],
			"to": [9, 9, 9],
			"rotation": {"angle": 0, "axis": "y", "origin": [6.5, 6, 7.5]},
			"faces": {
				"north": {"uv": [0, 0, 4, 4], "texture": "#0"},
				"east": {"uv": [0, 0, 4, 4], "texture": "#0"},
				"south": {"uv": [0, 0, 4, 4], "texture": "#0"},
				"west": {"uv": [0, 0, 4, 4], "texture": "#0"},
				"up": {"uv": [0, 0, 4, 4], "texture": "#0"},
				"down": {"uv": [0, 0, 4, 4], "texture": "#0"}
			}
		},
		{
			"from": [7.5, 6, 7.5],
			"to": [8.5, 7, 8.5],
			"rotation": {"angle": 0, "axis": "y", "origin": [6.5, 6, 7.5]},
			"faces": {
				"north": {"uv": [0, 4, 2, 6], "texture": "#0"},
				"east": {"uv": [0, 4, 2, 6], "texture": "#0"},
				"south": {"uv": [0, 4, 2, 6], "texture": "#0"},
				"west": {"uv": [0, 4, 2, 6], "texture": "#0"},
				"up": {"uv": [0, 4, 2, 6], "texture": "#0"},
				"down": {"uv": [0, 4, 2, 6], "texture": "#0"}
			}
		},
		{
			"from": [7, 5, 7],
			"to": [9, 6, 9],
			"rotation": {"angle": 0, "axis": "y", "origin": [6.5, 5, 7.5]},
			"faces": {
				"north": {"uv": [0, 6, 3, 8], "texture": "#0"},
				"east": {"uv": [0, 6, 3, 8], "texture": "#0"},
				"south": {"uv": [0, 6, 3, 8], "texture": "#0"},
				"west": {"uv": [0, 6, 3, 8], "texture": "#0"},
				"up": {"uv": [0, 6, 3, 9], "texture": "#0"},
				"down": {"uv": [0, 6, 3, 9], "texture": "#0"}
			}
		},
		{
			"from": [6.5, 4, 6.5],
			"to": [9.5, 5, 9.5],
			"rotation": {"angle": 0, "axis": "y", "origin": [6.5, 6, 7.5]},
			"faces": {
				"north": {"uv": [0, 7, 5, 9], "texture": "#0"},
				"east": {"uv": [0, 7, 5, 9], "texture": "#0"},
				"south": {"uv": [0, 7, 5, 9], "texture": "#0"},
				"west": {"uv": [0, 7, 5, 9], "texture": "#0"},
				"up": {"uv": [0, 0, 4, 4], "texture": "#0"},
				"down": {"uv": [0, 7, 5, 11], "texture": "#0"}
			}
		},
		{
			"from": [6, 1, 6],
			"to": [10, 4, 10],
			"rotation": {"angle": 0, "axis": "y", "origin": [6.5, 6, 7.5]},
			"faces": {
				"north": {"uv": [0, 8, 6, 11], "texture": "#0"},
				"east": {"uv": [0, 8, 6, 11], "texture": "#0"},
				"south": {"uv": [0, 8, 6, 11], "texture": "#0"},
				"west": {"uv": [0, 8, 6, 11], "texture": "#0"},
				"up": {"uv": [0, 0, 4, 4], "texture": "#0"},
				"down": {"uv": [0, 8, 6, 14], "texture": "#0"}
			}
		},
		{
			"from": [6, 0, 6],
			"to": [10, 1, 10],
			"rotation": {"angle": 0, "axis": "y", "origin": [6.5, 6, 7.5]},
			"faces": {
				"north": {"uv": [0, 14, 7, 16], "texture": "#0"},
				"east": {"uv": [0, 14, 7, 16], "texture": "#0"},
				"south": {"uv": [0, 14, 7, 16], "texture": "#0"},
				"west": {"uv": [0, 14, 7, 16], "texture": "#0"},
				"up": {"uv": [0, 0, 4, 4], "texture": "#0"},
				"down": {"uv": [0, 0, 4, 4], "texture": "#0"}
			}
		}
	],
	"display": {
		"thirdperson_righthand": {
			"rotation": [52, 0, 0],
			"translation": [0, 1.75, 1.25],
			"scale": [0.7, 0.7, 0.7]
		},
		"thirdperson_lefthand": {
			"rotation": [52, 0, 0],
			"translation": [0, 1.75, 1.25],
			"scale": [0.7, 0.7, 0.7]
		},
		"firstperson_righthand": {
			"translation": [0.75, 4.25, 0]
		},
		"firstperson_lefthand": {
			"translation": [0.75, 4.25, 0]
		},
		"ground": {
			"translation": [0, 4.5, 0]
		},
		"gui": {
			"rotation": [12.75, -17.5, 0],
			"translation": [0, 6, 0],
			"scale": [1.7, 1.7, 1.7]
		},
		"head": {
			"translation": [0, 14.5, 0]
		},
		"fixed": {
			"translation": [0, 1.75, 0.5]
		}
	},
	"groups": [
		{
			"name": "group",
			"origin": [8, 8, 8],
			"color": 0,
			"children": [0, 1, 2, 3, 4, 5]
		}
	]
}