{
	"credit": "Made with Blockbench",
	"textures": {
		"0": "block/four_white_candle_lit",
		"1": "block/candle_fire",
		"particle": "block/four_white_candle_lit"
	},
	"elements": [
		{
			"from": [5.5, 0.2, 5.5],
			"to": [10.5, 5.2, 10.5],
			"rotation": {"angle": 0, "axis": "y", "origin": [1.5, 0.2, -1.5]},
			"faces": {
				"north": {"uv": [6, 8, 11, 16], "texture": "#0"},
				"east": {"uv": [11, 8, 16, 16], "texture": "#0"},
				"south": {"uv": [11, 8, 16, 16], "texture": "#0"},
				"west": {"uv": [11, 8, 16, 16], "texture": "#0"},
				"up": {"uv": [0, 0, 5, 5], "texture": "#0"},
				"down": {"uv": [0, 0, 5, 5], "texture": "#0"}
			}
		},
		{
			"from": [6.6, 2.8, 5.51],
			"to": [10.1, 6.3, 10.49],
			"rotation": {"angle": -45, "axis": "z", "origin": [9, 5.3, 6.5]},
			"faces": {
				"north": {"uv": [0, 0, 5, 5], "texture": "#0"},
				"east": {"uv": [0, 5, 3, 8], "texture": "#0"},
				"south": {"uv": [0, 0, 5, 5], "rotation": 270, "texture": "#0"},
				"west": {"uv": [0, 5, 3, 8], "texture": "#0"},
				"up": {"uv": [0, 5, 3, 8], "texture": "#0"},
				"down": {"uv": [0, 5, 3, 8], "texture": "#0"}
			}
		},
		{
			"from": [6.15, 4, 5.01],
			"to": [6.9, 9, 11.01],
			"rotation": {"angle": -45, "axis": "z", "origin": [6.4, 6.5, 8.1]},
			"faces": {
				"north": {"uv": [0, 8, 0.75, 13], "texture": "#0"},
				"east": {"uv": [0, 8, 6, 14], "texture": "#0"},
				"south": {"uv": [0, 8, 0.75, 13], "texture": "#0"},
				"west": {"uv": [0, 8, 6, 14], "texture": "#0"},
				"up": {"uv": [0, 8, 0.75, 14], "texture": "#0"},
				"down": {"uv": [0, 8, 0.75, 14], "texture": "#0"}
			}
		},
		{
			"from": [7.1, 6, 5],
			"to": [12.1, 6.75, 11],
			"rotation": {"angle": -45, "axis": "z", "origin": [9.6, 6.5, 8.1]},
			"faces": {
				"north": {"uv": [0, 8, 0.75, 13], "rotation": 270, "texture": "#0"},
				"east": {"uv": [0, 8, 0.75, 14], "rotation": 90, "texture": "#0"},
				"south": {"uv": [0, 8, 0.75, 13], "rotation": 90, "texture": "#0"},
				"west": {"uv": [0, 8, 0.75, 14], "rotation": 90, "texture": "#0"},
				"up": {"uv": [6, 8, 0, 14], "rotation": 270, "texture": "#0"},
				"down": {"uv": [0, 14, 6, 8], "rotation": 90, "texture": "#0"}
			}
		},
		{
			"from": [5.4, 1.45, 6.43629],
			"to": [10.6, 2.75, 7.53629],
			"rotation": {"angle": 0, "axis": "y", "origin": [5.7, 0.2, 8.9]},
			"faces": {
				"north": {"uv": [0, 5, 1, 6], "texture": "#1"},
				"east": {"uv": [0, 5, 1, 6], "texture": "#1"},
				"south": {"uv": [0, 5, 1, 6], "texture": "#1"},
				"west": {"uv": [0, 5, 1, 6], "texture": "#1"},
				"up": {"uv": [0, 5, 1, 6], "rotation": 90, "texture": "#1"},
				"down": {"uv": [0, 5, 1, 6], "rotation": 270, "texture": "#1"}
			}
		},
		{
			"from": [5.4, 1.45, 8.43629],
			"to": [10.6, 2.75, 9.53629],
			"rotation": {"angle": 0, "axis": "y", "origin": [5.7, 0.2, 10.9]},
			"faces": {
				"north": {"uv": [0, 5, 1, 6], "texture": "#1"},
				"east": {"uv": [0, 5, 1, 6], "texture": "#1"},
				"south": {"uv": [0, 5, 1, 6], "texture": "#1"},
				"west": {"uv": [0, 5, 1, 6], "texture": "#1"},
				"up": {"uv": [0, 5, 1, 6], "rotation": 90, "texture": "#1"},
				"down": {"uv": [0, 5, 1, 6], "rotation": 270, "texture": "#1"}
			}
		},
		{
			"from": [6.5, 1.45, 9.43629],
			"to": [9.5, 2.75, 10.53629],
			"rotation": {"angle": 0, "axis": "y", "origin": [5.7, 0.2, 11.9]},
			"faces": {
				"north": {"uv": [0, 5, 1, 6], "texture": "#1"},
				"east": {"uv": [0, 5, 1, 6], "texture": "#1"},
				"south": {"uv": [0, 5, 1, 6], "texture": "#1"},
				"west": {"uv": [0, 5, 1, 6], "texture": "#1"},
				"up": {"uv": [0, 5, 1, 6], "rotation": 90, "texture": "#1"},
				"down": {"uv": [0, 5, 1, 6], "rotation": 270, "texture": "#1"}
			}
		},
		{
			"from": [4, 0.15, 4],
			"to": [12, 0.15, 12],
			"rotation": {"angle": 0, "axis": "y", "origin": [8, -0.1, 8]},
			"faces": {
				"north": {"uv": [0, 0, 1, 1], "texture": "#0"},
				"east": {"uv": [0, 0, 1, 1], "texture": "#0"},
				"south": {"uv": [0, 0, 1, 1], "texture": "#0"},
				"west": {"uv": [0, 0, 1, 1], "texture": "#0"},
				"up": {"uv": [8, 0, 16, 8], "texture": "#0"},
				"down": {"uv": [8, 8, 16, 0], "texture": "#0"}
			}
		}
	],
	"groups": [
		{
			"name": "group",
			"origin": [8, 8, 8],
			"color": 0,
			"children": [0, 1, 2, 3]
		},
		{
			"name": "group",
			"origin": [8, 8, 8],
			"color": 0,
			"children": [4, 5, 6]
		},
		{
			"name": "group",
			"origin": [0, 0, 0],
			"color": 0,
			"children": [7]
		}
	]
}